{"stats":{"minecraft:custom":{"minecraft:time_since_rest":9752,"minecraft:damage_dealt":1148,"minecraft:leave_game":3,"minecraft:play_time":9752,"minecraft:sprint_one_cm":4577,"minecraft:time_since_death":9752,"minecraft:walk_one_cm":4507,"minecraft:sneak_time":16,"minecraft:total_world_time":9752,"minecraft:mob_kills":6,"minecraft:drop":2,"minecraft:fly_one_cm":47074,"minecraft:jump":88},"minecraft:used":{"minecraft:netherite_sword":13},"minecraft:dropped":{"minecraft:bow":1,"minecraft:gunpowder":1},"minecraft:killed":{"minecraft:zombie":2,"minecraft:skeleton":1,"minecraft:witch":1,"minecraft:creeper":2},"minecraft:picked_up":{"minecraft:bone":2,"minecraft:gunpowder":1,"minecraft:redstone":2,"minecraft:bow":1}},"DataVersion":3465}